merges,lr,dropout,train_ppl,val_ppl,test_ppl
10,0.03,0.0,14.719625424654296,14.827009456225612,14.572941089581285
200,0.03,0.0,34.190119625038946,36.26451814982101,35.37362860281182
800,0.03,0.0,49.19314914568915,74.53315205020995,76.01878786766032
