merges,lr,dropout,train_ppl,val_ppl,test_ppl
10,0.03,0.0,14.030291557312012,13.99211883544922,14.199360905896047
200,0.03,0.0,27.97232437133789,29.29711532592773,31.52388249049128
800,0.03,0.0,31.805927276611328,42.64450454711914,57.247271893875656
