merges,lr,dropout,train_ppl,val_ppl,test_ppl
10,0.0003,0.2,24.61805725097656,17.65109634399414,17.44967590824093
200,0.0003,0.2,151.0535430908203,103.2014617919922,99.25319974855225
800,0.0003,0.2,417.835205078125,295.94415283203125,285.26980835144326
