merges,lr,dropout,train_ppl,val_ppl,test_ppl
10,0.0003,0.0,33.62872695922852,33.136600494384766,33.38440871935275
